{
  "type": "kendo-ui-mobile",
  "views": [
    {
      "type": "kendo-ui-mobile:view",
      "name": "home",
      "components": [],
      "title": "Home View",
      "addToNavigation": true,
      "icon": "home"
    },
    {
      "type": "kendo-ui-mobile:view",
      "name": "startup",
      "components": [],
      "title": "start",
      "addToNavigation": false
    }
  ],
  "dataProviders": [],
  "name": "kendoUiMobileApp",
  "navigation": "tabstrip",
  "view": "home",
  "transition": "slide",
  "showMoreTab": true,
  "skin": "nova",
  "skinMainColor": "#32364c",
  "skinTextColor": "#ffffff",
  "skinAccentColor": "#ff4350"
}
